,ZipCode,Neighborhood
0,10453,Central Bronx
1,10457,Central Bronx
2,10460,Central Bronx
3,10458,Bronx Park and Fordham
4,10467,Bronx Park and Fordham
5,10468,Bronx Park and Fordham
6,10451,High Bridge and Morrisania
7,10452,High Bridge and Morrisania
8,10456,High Bridge and Morrisania
9,10454,Hunts Point and Mott Haven
10,10455,Hunts Point and Mott Haven
11,10459,Hunts Point and Mott Haven
12,10474,Hunts Point and Mott Haven
13,10463,Kingsbridge and Riverdale
14,10471,Kingsbridge and Riverdale
15,10466,Northeast Bronx
16,10469,Northeast Bronx
17,10470,Northeast Bronx
18,10475,Northeast Bronx
19,10461,Southeast Bronx
20,10462,Southeast Bronx
21,10464,Southeast Bronx
22,10465,Southeast Bronx
23,10472,Southeast Bronx
24,10473,Southeast Bronx
25,11212,Central Brooklyn
26,11213,Central Brooklyn
27,11216,Central Brooklyn
28,11233,Central Brooklyn
29,11238,Central Brooklyn
30,11209,Southwest Brooklyn
31,11214,Southwest Brooklyn
32,11228,Southwest Brooklyn
33,11204,Borough Park
34,11218,Borough Park
35,11219,Borough Park
36,11230,Borough Park
37,11234,Canarsie and Flatlands
38,11236,Canarsie and Flatlands
39,11239,Canarsie and Flatlands
40,11223,Southern Brooklyn
41,11224,Southern Brooklyn
42,11229,Southern Brooklyn
43,11235,Southern Brooklyn
44,11201,Northwest Brooklyn
45,11205,Northwest Brooklyn
46,11215,Northwest Brooklyn
47,11217,Northwest Brooklyn
48,11231,Northwest Brooklyn
49,11203,Flatbush
50,11210,Flatbush
51,11225,Flatbush
52,11226,Flatbush
53,11207,East New York and New Lots
54,11208,East New York and New Lots
55,11211,Greenpoint
56,11222,Greenpoint
57,11220,Sunset Park
58,11232,Sunset Park
59,11206,Bushwick and Williamsburg
60,11221,Bushwick and Williamsburg
61,11237,Bushwick and Williamsburg
62,10026,Central Harlem
63,10027,Central Harlem
64,10030,Central Harlem
65,10037,Central Harlem
66,10039,Central Harlem
67,10001,Chelsea and Clinton
68,10011,Chelsea and Clinton
69,10018,Chelsea and Clinton
70,10019,Chelsea and Clinton
71,10020,Chelsea and Clinton
72,10036,Chelsea and Clinton
73,10029,East Harlem
74,10035,East Harlem
75,10010,Gramercy Park and Murray Hill
76,10016,Gramercy Park and Murray Hill
77,10017,Gramercy Park and Murray Hill
78,10022,Gramercy Park and Murray Hill
79,10012,Greenwich Village and Soho
80,10013,Greenwich Village and Soho
81,10014,Greenwich Village and Soho
82,10004,Lower Manhattan
83,10005,Lower Manhattan
84,10006,Lower Manhattan
85,10007,Lower Manhattan
86,10038,Lower Manhattan
87,10280,Lower Manhattan
88,10002,Lower East Side
89,10003,Lower East Side
90,10009,Lower East Side
91,10021,Upper East Side
92,10028,Upper East Side
93,10044,Upper East Side
94,10065,Upper East Side
95,10075,Upper East Side
96,10128,Upper East Side
97,10023,Upper West Side
98,10024,Upper West Side
99,10025,Upper West Side
100,10031,Inwood and Washington Heights
101,10032,Inwood and Washington Heights
102,10033,Inwood and Washington Heights
103,10034,Inwood and Washington Heights
104,10040,Inwood and Washington Heights
105,11361,Northeast Queens
106,11362,Northeast Queens
107,11363,Northeast Queens
108,11364,Northeast Queens
109,11354,North Queens
110,11355,North Queens
111,11356,North Queens
112,11357,North Queens
113,11358,North Queens
114,11359,North Queens
115,11360,North Queens
116,11365,Central Queens
117,11366,Central Queens
118,11367,Central Queens
119,11412,Jamaica
120,11423,Jamaica
121,11432,Jamaica
122,11433,Jamaica
123,11434,Jamaica
124,11435,Jamaica
125,11436,Jamaica
126,11101,Northwest Queens
127,11102,Northwest Queens
128,11103,Northwest Queens
129,11104,Northwest Queens
130,11105,Northwest Queens
131,11106,Northwest Queens
132,11374,West Central Queens
133,11375,West Central Queens
134,11379,West Central Queens
135,11385,West Central Queens
136,11691,Rockaways
137,11692,Rockaways
138,11693,Rockaways
139,11694,Rockaways
140,11695,Rockaways
141,11697,Rockaways
142,11004,Southeast Queens
143,11005,Southeast Queens
144,11411,Southeast Queens
145,11413,Southeast Queens
146,11422,Southeast Queens
147,11426,Southeast Queens
148,11427,Southeast Queens
149,11428,Southeast Queens
150,11429,Southeast Queens
151,11414,Southwest Queens
152,11415,Southwest Queens
153,11416,Southwest Queens
154,11417,Southwest Queens
155,11418,Southwest Queens
156,11419,Southwest Queens
157,11420,Southwest Queens
158,11421,Southwest Queens
159,11368,West Queens
160,11369,West Queens
161,11370,West Queens
162,11372,West Queens
163,11373,West Queens
164,11377,West Queens
165,11378,West Queens
166,10302,Port Richmond
167,10303,Port Richmond
168,10310,Port Richmond
169,10306,South Shore
170,10307,South Shore
171,10308,South Shore
172,10309,South Shore
173,10312,South Shore
174,10301,Stapleton and St. George
175,10304,Stapleton and St. George
176,10305,Stapleton and St. George
177,10314,Mid-Island
